searched,recommended
avatar,titan.a.e
avatar,small solider
avatar,enders game
avatar,alieans vs predator
avatar,independence day
spectre,quatum of solance
spectre,never say never
spectre,skyfall
spectre,thunderball
spectre,from russian with love
the dark knight rises,the dark knight
the dark knight rises,batman begins
the dark knight rises,batman
the dark knight rises,batman returns
the dark knight rises,batman
john carter,star terk:inssurction
john carter,mission to mars
john carter,caption america
john carter,escape from planet earth
john carter,ghosts of mars
spider man 3,spider man 2
spider man 3,spider man
spider man 3,the amazing spider man 2
spider man 3,the amazing spider man
spider man 3,arachnophobia
tangled,aladdin
tangled,toy story 3
tangled,the princess frog
tangled,frozen
tangled,the smurfs
avengers:ages of ultron,iron man
avengers:ages of ultron,iron man 3
avengers:ages of ultron,the avengers
avengers:ages of ultron,caption america
avengers:ages of ultron,iron man 2
batman vs superman :dawn of justice,batman begins
batman vs superman :dawn of justice,man of steel
batman vs superman :dawn of justice,batman
batman vs superman :dawn of justice,teenage mutant ninga turtles
batman vs superman :dawn of justice,thor
superman returns,superman 2
superman returns,superman 3
superman returns,superman 4 the quest for peace
superman returns,superman
superman returns,man of steel
quantum of solace,spectre
quantum of solace,never say never
quantum of solace,diamonds are forever
quantum of solace,octopussy
quantum of solace,skyfall
